,MAE,MSE,MAPE,r2
arima_daily,19.54831772911137,766.4887784580128,0.484837991169081,0.6919404798559364
