,MAE,MSE,MAPE,r2
LSTM,32.74922783191388,2136.895784856888,0.7664844797674417,-0.0034859255496413333
