,MAE,MSE,MAPE,r2
nnar,41.56119613560862,2689.8493670294615,1.1032246011149636,-0.11487794655813688
