,MAE,MSE,MAPE,r2
prophet,32.80428469295995,2442.388248584219,0.6503363455904808,-0.0782495803978629
